"Time","Video title","Video link","Post time","Total likes","Total comments","Total shares","Total views"
"11 septembre","One Piece : les plus grands méchants de Grand Line en version réaliste ⚡👑. De Doflamingo à Kaido, ils sont plus terrifiants que jamais… #onepiece #doflamingo #kaido #bigmom #anime ","https://www.tiktok.com/@realify.ai8/video/7543666837599423766","28 août","57996","362","3405","1807289"
"11 septembre","🪶 Nico Robin – L’archéologue de l’ombre Nico Robin, l’érudite des Mugiwara, incarne la sagesse et le mystère. Capable de lire les Poneglyphes, elle détient les clés de l’histoire oubliée et du Siècle Manquant. Derrière son calme élégant et son regard perçant se cache une survivante recherchée par le Gouvernement mondial. Entre secrets anciens, missions clandestines et savoir interdit, Robin est bien plus qu’une simple pirate : elle est la mémoire vivante de One Piece. ⸻ 🔥 Eustass Kid – L’anarchie en personne Eustass “Captain” Kid est l’un des Supernovae les plus redoutés de la pire génération. Impulsif, violent et ambitieux, il rêve de détrôner les Yonkō et d’imposer sa propre loi sur les mers. Grâce à son Fruit du Démon magnétique, Kid transforme le champ de bataille en arsenal dévastateur. Son alliance fragile avec Luffy et Law n’efface jamais son instinct de rival, et sa haine envers Shanks et Kaido le pousse toujours plus loin dans la folie de la conquête. ⸻ 👑 Boa Hancock – La beauté qui fait plier les Empires Impératrice d’Amazon Lily et seule femme Shichibukai, Boa Hancock combine puissance, charme et fierté absolue. Sa beauté légendaire pétrifie littéralement ses ennemis, tandis que sa force martiale rivalise avec celle des plus grands. Amoureuse de Luffy malgré son orgueil, elle reste l’un des personnages les plus fascinants et imprévisibles de One Piece, capable de passer d’une froideur impériale à une tendresse désarmante en un instant. ⸻ 🪶 Donquixote Doflamingo – Le roi déchu Ancien noble céleste devenu roi pirate, Doflamingo symbolise la cruauté, la manipulation et le chaos. Maître du fil, il tire littéralement les ficelles du monde souterrain et orchestre guerres, trafics et conspirations. Son règne sur Dressrosa a marqué l’histoire par sa brutalité et son arrogance divine. Même vaincu, Doflamingo reste l’un des antagonistes les plus emblématiques de la saga One Piece, incarnation de l’ambition corrompue et de la vengeance. ⸻ ⚔️ Roronoa Zoro – L’épéiste aux trois sabres Roronoa Zoro, bras droit de Luffy et chasseur de pirates légendaire, incarne l’honneur et la détermination pure. Sa maîtrise du Santoryu, ses combats épiques et son objectif d’être le meilleur sabreur du monde en font l’un des personnages les plus respectés de l’univers. Loyal jusqu’au sacrifice, Zoro traverse les mers comme une lame affûtée : silencieux, implacable et prêt à tout pour protéger ses nakama. ⸻ 🐉 Yamato – L’héritière rebelle Fille de Kaido, Yamato rejette son héritage pour embrasser l’idéal d’Oden Kozuki. Puissante, libre et farouche, elle mêle force brute et cœur de samouraï. Sa lutte contre son père symbolise la rébellion contre la tyrannie, et son rêve d’exploration fait d’elle une alliée naturelle des Chapeaux de Paille. Dans l’univers de One Piece, Yamato est la preuve que l’on peut choisir sa destinée, même face au poids du sang. ⸻ 🫣 Tony Tony Chopper – L’âme du cœur des Mugiwara Médecin de l’équipage et ancien renne rejeté, Chopper est la preuve vivante que la différence est une force. Grâce au Hito Hito no Mi, il oscille entre douceur enfantine et puissance monstrueuse. Plus qu’un soigneur, il est le cœur émotionnel des Chapeaux de Paille, celui qui guérit les corps comme les âmes. Derrière son apparence adorable se cache un héros prêt à risquer sa vie pour ses amis et ses idéaux #onepiece #onepieceliveaction ","https://www.tiktok.com/@realify.ai8/video/7556003118211779862","30 septembre","28530","137","962","719508"
"11 septembre","🎬 ONE PIECE – Behind the Scenes (Part 3) 🌊 What if the world of One Piece came to life on a movie set? In this exclusive behind-the-scenes reel, step onto the live-action set and discover the legends of the seas — reimagined like never before. From blazing powers to icy tempers, here’s what really happens when the Grand Line meets Hollywood. ⸻ 🔥 Portgas D. Ace – Between takes, Ace still steals the spotlight. The actor laughs with the crew, flames flickering across his hands from the Mera Mera no Mi. Everyone stops to watch him — the living embodiment of fire, freedom, and brotherhood. The camera loves him almost as much as fans do. ⸻ 🍰 Big Mom (Charlotte Linlin) – A true diva on set. Her towering presence, extravagant costume, and wild laugh fill the entire studio. Between shots, she’s sipping tea and demanding more cake props. The crew stays alert — one wrong move and you might end up as part of her “family.” ⸻ 🍷 Shanks – Calm, collected, and effortlessly cool. Even off-camera, Shanks commands respect. The red coat, the iconic scar, the grin — he doesn’t need special effects to look legendary. Every time the director yells “cut,” it feels like a scene straight from One Piece Film Red. ⸻ ❄️ Aokiji (Kuzan) – Always chill — literally. Between takes, he’s sitting quietly, fog from the ice machines swirling around him. His half-lidded eyes and slow tone make every word sound like wisdom. Aokiji brings the “coolest” vibe to the set — no pun intended. ⸻ 💙 Vivi Nefertari – Elegant and poised, Vivi’s scenes radiate grace. The actress wears her Alabasta gown with pride, smiling between shots and greeting every crew member. Her compassion on-screen feels so real it melts even the iciest hearts — yes, even Aokiji’s. ⸻ 💰 Nami – Always checking the map and the lighting. On set, Nami runs the show like a true navigator. Between shots, she’s teasing the crew about their pay rates and fixing her hair with the same confidence she uses to face Arlong. Her energy is pure charisma and chaos. ⸻ 🕊️ Monet – Hauntingly beautiful, Monet moves like she’s gliding through snow. The harpy wings shimmer under the studio lights, and fake frost dusts the air. Between takes, she smiles softly, almost breaking character. Cold on camera, warm in person — that’s her secret power. #onepiece #behindthescene #onepieceliveaction ","https://www.tiktok.com/@realify.ai8/video/7560465541811522838","13 octobre","10751","106","439","150785"
"11 septembre","🎬 ONE PIECE – The Ultimate Live Action Compilation A cinematic tribute to the most iconic characters of One Piece,  reimagined in a stunning, realistic style that brings the anime to life. Each scene captures the energy, personality, and emotion that make this universe legendary. ⚡ Eustass Kid – The wild energy of the New World. Brutal charisma, magnetic chaos, and the spirit of rebellion personified. 🍩 Katakuri – Discipline meets perfection. Silent power, sharp eyes, and an elegance that commands respect. 💰 Nami – The navigator who steals hearts and gold alike. Intelligence, charm, and ambition in one unstoppable force. ⚔️ Dracule Mihawk – Calm, deadly precision. The world’s greatest swordsman, reborn with a cinematic presence worthy of legend. ⚖️ Trafalgar Law – The Surgeon of Death, cool and collected. Every move calculated, every glance hiding a deeper purpose. 💋 Reiju Vinsmoke – Elegance with a dangerous edge. The Germa princess who combines compassion and power. 🎎 Hiyori Kozuki – The soul of Wano. Grace, loyalty, and quiet strength glowing beneath the mask of royalty. 🔥 Portgas D. Ace – The flame that never dies. Freedom, brotherhood, and the will to protect at any cost. 🦈 Shanks – The red-haired legend. Calm confidence, magnetic leadership, and the mystery that defines the New Era. ☠️ Crocodile – The desert king with ambition in his veins. Ruthless charm and a voice that echoes authority. 💀 Donquixote Doflamingo – The puppet master of chaos. Smiling danger, perfect control, and unmatched charisma. 🕊️ Corazon – The quiet heart of the Donquixote family. Kindness hidden behind mystery — a symbol of silent heroism. ⚔️ Rebecca of Dressrosa – The young warrior of hope. Courage, innocence, and resilience in a shattered world. #onepiece #eustasskid #pirate ","https://www.tiktok.com/@realify.ai8/video/7565294981427154179","26 octobre","4227","35","288","114467"
"11 septembre","Après les Chapeaux de Paille, c’est au tour de la Marine de briller loin des océans. Amiraux, vice-amiraux et officiers troquent leurs uniformes pour devenir des champions modernes. Leur puissance, leur discipline et leur charisme trouvent une nouvelle arène : celle du sport. 🥊 Koby, le boxeur prodige De timide aspirant à étoile montante, Koby impressionne par sa détermination et ses enchaînements explosifs. Chaque combat raconte son ascension. 💥 Garp, le titan du lancer de poids Toujours colossal, le Héros de la Marine projette le poids comme un boulet de canon. Une légende brute qui prouve que l’âge n’a aucune emprise sur lui. 🤼 Helmeppo, le showman du ring Musclé, arrogant, spectaculaire : Helmeppo est devenu une star de la WWE, jouant autant avec le public qu’avec ses adversaires. ⚔️ Tashigi, la guerrière du kendo Portée par sa passion du sabre, elle incarne rigueur et intensité. Chaque frappe est une revanche et une affirmation de sa volonté. ⛳ Akainu, le volcan du green Cigare au bec, Sakazuki frappe avec la rage d’une éruption. Sur le green comme sur les mers, il impose sa loi. 🏐 Hina, la bloqueuse de fer Puissante et élégante, Hina transforme le filet en mur infranchissable. Elle règne sur le sable comme sur un champ de bataille. 🚬 Smoker, l’homme au souffle infini Marathonien implacable, il court sans jamais faiblir. Chaque foulée est une traque, chaque respiration une preuve de volonté. ⚡ Kizaru, la vitesse incarnée Nonchalant au départ, foudroyant à l’arrivée. Sur la piste, Borsalino devient une lumière impossible à rattraper. 🥋 Fujitora, la force gravitationnelle Sage et massif, Issho domine le tatami. Ses projections pèsent des tonnes, ses prises écrasent comme une planète. 🚴 Aokiji, le coureur glacé Endurant et calme, Kuzan grimpe les cols comme il gelait autrefois les océans : sans effort apparent, mais avec une régularité implacable. ⸻ 👉 Après les pirates et la Marine, il reste un camp incontournable… ⚡ Et si les Grands Corsaires faisaient leur entrée dans l’arène ? Les légendes solitaires, ni pirates ni Marines, mais rois autoproclamés… prêts à tout pour dominer la compétition. 👀🔥 💬 Dis-moi en commentaire : dans quel sport verrais-tu chaque marines ? 👇 #onepiece #onepieceliveaction #sportanime #animefan ","https://www.tiktok.com/@realify.ai8/video/7551088567376809238","17 septembre","1206","18","53","88022"
"11 septembre","#onepiece #onepieceliveaction #kaido #doflamingo #Anime","https://www.tiktok.com/@realify.ai8/video/7559367040478235926","10 octobre","1326","12","55","77961"
"11 septembre","Et si les héros de One Piece n’étaient pas des pirates, mais des champions du sport moderne ? ⚡🏆 Dans ce carrousel, l’équipage au Chapeau de Paille quitte Grand Line pour entrer dans l’arène… et chaque Mugiwara devient une star sportive dans une discipline qui colle à sa personnalité, son style de combat et ses rêves. ⚽ Sanji, le footballeur star Son jeu de jambes légendaire et ses coups de pied dévastateurs trouvent enfin leur terrain de prédilection : le football. Élégant, précis, explosif, Sanji devient un attaquant incontournable, capable de marquer des buts impossibles. Charisme de gentleman et flair de génie : il brille sur la pelouse comme il brille aux fourneaux. 🥊 Zoro, le combattant MMA Toujours en quête d’un défi, Zoro n’a pas quitté ses sabres pour rien. Dans la cage, il devient un lutteur redoutable, mélangeant force brute, discipline martiale et endurance inhumaine. Cicatrices, sueur, détermination : il est l’incarnation du guerrier prêt à se relever encore et encore. 🌊 Nami, la reine des vagues Navigatrice née, Nami prend les commandes d’un voilier olympique et devient une skippeuse imbattable. Avec sa maîtrise du vent et des courants, elle domine les régates, anticipe chaque mouvement et transforme la mer en terrain de jeu. Charme, intelligence et précision : une championne de voile qui garde toujours une longueur d’avance. 🤸 Luffy, l’acrobate élastique Toujours imprévisible, Luffy devient un gymnaste hors norme. Ses mouvements souples et explosifs défient la gravité, comme s’il transformait son Fruit du Démon en discipline olympique. Rires, énergie débordante, audace : il incarne l’esprit du sport dans sa forme la plus libre et sauvage. ♟️ Robin, la grande maîtresse d’échecs Dans l’univers sportif, tout ne se joue pas sur les muscles : Robin excelle sur l’échiquier. Froide, calme, stratégique, elle devient une légende des tournois d’échecs, analysant ses adversaires plusieurs coups à l’avance. Une championne cérébrale, redoutable par son intelligence. 🏎️ Franky, le pilote cyborg de Formule 1 Construit pour la vitesse et le spectacle, Franky quitte son atelier pour dominer les circuits. En pilote de F1, il incarne la fusion parfaite entre mécanique et adrénaline. Showman, excentrique, puissant : chaque virage est une démonstration de style et de force brute. 🏹 Usopp, le sniper olympique Toujours prêt à viser juste, Usopp trouve enfin un sport où son talent naturel brille : le tir à l’arc. Confiance fragile mais précision incroyable, il devient l’archer des compétitions internationales. Drôle, imprévisible mais terriblement efficace quand il faut marquer le point décisif. 🩺 Chopper, le kiné des champions Petit mais indispensable, Chopper devient le médecin du sport adoré de tous les athlètes. Toujours prêt à soigner, conseiller et encourager, il est l’âme bienveillante des vestiaires. Plus qu’une mascotte, il est le héros invisible derrière chaque victoire. ⛸️ Brook, le patineur fantôme Fin, longiligne, gracieux : Brook troque sa guitare contre des patins. En patineur artistique, il envoûte le public avec ses pirouettes et son aura fantomatique. Élégant et mystérieux, il transforme la glace en scène, et chaque figure devient un spectacle envoûtant. 🌊 Jinbe, le champion des océans Homme-poisson et maître des courants, Jinbe devient un nageur olympique légendaire. Sa puissance et sa maîtrise aquatique le rendent imbattable dans les bassins. Figure paternelle et charismatique, il est l’incarnation même de la force tranquille des mers. 👉 De pirates à sportifs, l’équipage de Luffy prouve qu’il pourrait régner autant sur les stades que sur Grand Line. ⚡ Mais ce n’est que le début… et si la Marine entrait elle aussi dans l’arène ? 👀 Dis-moi en commentaire : quel personnage de One Piece tu voudrais voir en athlète dans la Partie 2 ? 👇🔥 #onepiece #onepieceliveaction #sportanime #animefan ","https://www.tiktok.com/@realify.ai8/video/7549954038532525334","14 septembre","1775","49","99","77373"
"11 septembre","Les Minks de One Piece, ces guerriers mi-hommes mi-animaux du pays de Zou, réimaginés en version ultra réaliste et terrifiante 🐺⚡. Entre Nekomamushi, Inuarashi, Carrot, Wanda et les autres, découvre leur puissance bestiale, leur regard sauvage et leur héritage unique dans l’univers de One Piece. #onepiece #mink #Anime #onepieceliveaction #onepieceedit ","https://www.tiktok.com/@realify.ai8/video/7552568478474013974","21 septembre","1538","26","130","57018"
"11 septembre","De Baggy le clown à Akainu l’impitoyable, en passant par Arlong, Crocodile et Ener, la première partie de One Piece nous a offert des antagonistes légendaires. ⚡ 👉 Quel méchant t’a marqué le plus dans cette période ? 👇 #onepiece #arlong #crocodileonepiece #akainu ","https://www.tiktok.com/@realify.ai8/video/7543295716761046294","27 août","911","28","36","43083"
"11 septembre","🎬 Et si One Piece devenait enfin une série live-action digne d’Hollywood ? Dans cette vidéo inédite, plonge dans les coulisses du tournage : lumières, caméras, micros, décors réalistes… et surtout nos personnages cultes en version acteur sur un vrai plateau ! De Nico Robin à Eustass Kid, en passant par Nami, Crocodile ou Law, chacun prend vie comme jamais dans une ambiance cinématographique ultra-réaliste. Une immersion unique pour tous les fans de manga, anime, cosplay, film live-action et univers pirate. ⚓ Dis-moi en commentaire quel personnage devrait avoir son spin-off solo ! #onepiece #liveaction #sora2 ","https://www.tiktok.com/@realify.ai8/video/7557094976551701782","3 octobre","964","9","27","33309"
"11 septembre","One Piece, Yonko, élections, président, Kaido, Shanks, Big Mom, Barbe Noire, Baggy, Luffy, Barbe Blanche. Et si les Empereurs des Mers, les figures les plus redoutées de l’univers de One Piece, quittaient les océans pour se lancer… dans la politique mondiale ? 🌍 Bienvenue dans ce carousel unique où les Yonkos sont réimaginés en candidats présidentiels. Chaque slide met en avant leur personnalité, leur charisme et leur vision du pouvoir, comme s’ils se présentaient à nos propres élections. Une idée folle ? Peut-être. Mais avoue que tu t’es déjà demandé : si c’était réel, pour qui voterais-tu ? ⚡ ⸻ 👑 Kaido, le dictateur militaire Dans One Piece, Kaido est connu comme la “créature la plus forte du monde”. Ici, il devient un chef d’État autoritaire, prêt à écraser ses adversaires par la peur et la puissance brute. Son slogan : la stabilité par la force. Une vision glaciale mais terriblement efficace. 🍷 Shanks, le roi diplomate Respecté aussi bien par ses ennemis que ses alliés, Shanks incarne la diplomatie, le dialogue et l’autorité charismatique. Dans notre monde, il serait le candidat consensuel, le “président idéal” que tout le monde écoute. Pas étonnant que beaucoup le voient déjà en vainqueur naturel. 🍰 Big Mom, la matriarche populiste Charlotte Linlin gouverne sa famille avec une poigne de fer. En politique, elle serait l’impératrice populiste, prônant un État où ses “enfants” sont protégés… tant qu’ils obéissent. Son style mélange générosité maternelle et menace permanente. Qui oserait voter contre elle ? ☠️ Barbe Noire, le tyran opportuniste Teach est l’incarnation du chaos, de la manipulation et de la stratégie dans l’ombre. Président, il deviendrait le symbole d’une politique de l’opportunisme, prêt à tout pour garder le pouvoir. Beaucoup le craignent, certains l’admirent, mais personne ne peut l’ignorer. 🎪 Baggy, le président clown Baggy a toujours survécu là où personne ne l’attendait, grâce à sa chance insolente et à son sens du spectacle. En politique, il serait le candidat du peuple, le showman qui fait rire, mais qui, paradoxalement, gagne du terrain. Et si c’était lui, le vrai outsider de cette élection ? 🍖 Luffy, le révolutionnaire du peuple Toujours porté par la liberté et ses convictions, Luffy est le candidat idéaliste. Celui qui promet de briser les chaînes et de redonner le pouvoir aux citoyens. Son charisme est indéniable : il incarne l’énergie de la jeunesse et l’espoir d’un avenir nouveau. Mais sa fougue suffira-t-elle ? ⚓ Barbe Blanche, le patriarche nostalgique Edward Newgate est la figure du père protecteur, du chef respecté par tous. En politique, il deviendrait le vieux lion, garant des traditions, symbole d’un âge d’or disparu. Beaucoup voteraient pour lui, par respect et nostalgie, mais son temps n’est-il pas déjà révolu ? ⸻ ✨ Ce concept, entre fiction et réalité, permet de redécouvrir les Yonkos sous un angle totalement inédit. Les voir en costumes, sur une affiche électorale, ou devant une foule, change complètement la perception que nous avons d’eux. One Piece est une œuvre de pirates et de liberté, mais l’imaginer dans le cadre rigide de la politique moderne crée un choc visuel et narratif. 👉 Et maintenant, la vraie question : pour quel Yonko voterais-tu si ces élections existaient vraiment ? Serais-tu séduit par le charisme de Shanks, convaincu par la liberté de Luffy, terrifié mais impressionné par la force de Kaido, amusé par le spectacle de Baggy, ou tenté par le pragmatisme cruel de Barbe Noire ? Dis-le en commentaire, et viens débattre avec les autres. Parce que si ces élections étaient réelles, les discussions seraient sûrement aussi épiques que les batailles de Marineford. ⚔️ #onepiece #onepieceliveaction #yonko #shanks  #kaido ","https://www.tiktok.com/@realify.ai8/video/7548119864716561686","9 septembre","355","22","17","25170"
"11 septembre","? Doflamingo Le “Joker” du Nouveau Monde entre en scène avec son charisme malsain et son sourire démoniaque. Sa présence impose le respect autant qu’elle inspire la peur. Chaque pas reflète son ambition démesurée et son goût pour le chaos, comme un roi déchu qui n’a jamais cessé de régner. ? Rob Lucci Froid, silencieux et implacable, Lucci défile avec l’élégance d’un assassin. Son regard perçant et son port droit rappellent son passé au CP9 : l’arrogance d’un prédateur qui sait qu’aucune proie ne lui échappe. La menace se lit dans chacun de ses mouvements calculés. ? Vivi Princesse d’Alabasta, elle illumine la scène par sa grâce et son élégance naturelle. Son pas est doux mais déterminé, symbole d’une souveraine qui a choisi la paix sans jamais renoncer à sa force intérieure. Elle incarne l’espoir et la dignité au milieu des ténèbres. ? Shanks Calme, charismatique et intouchable, Shanks n’a besoin d’aucun artifice pour voler la vedette. Sa simple présence emplit la pièce d’autorité. Il marche comme un empereur qui n’a rien à prouver, chaque regard suffisant à rappeler pourquoi il est une légende vivante. ? Sanji Séducteur et raffiné, Sanji mêle charme et nonchalance dans un style impeccable. Chaque pas est une déclaration d’amour à la mode, à la cuisine et aux femmes. Derrière son sourire charmeur se cache un esprit passionné, prêt à tout pour protéger ceux qu’il aime. ? Gloriosa Ancienne impératrice Kuja, Gloriosa défile avec la confiance de celles qui ont tout vécu. Sa démarche gracieuse et fière rappelle qu’aucune époque ne peut effacer la gloire d’une reine. Elle prouve que la beauté et la puissance n’ont pas d’âge. ? Queen Excentrique et flamboyant, Queen transforme le podium en scène de spectacle. Ses gestes théâtraux et son énergie débordante attirent tous les regards. Mi-scientifique, mi-showman, il incarne le chaos et la créativité sans limites de l’univers One Piece. ? Orochi Sourire tordu, regard fourbe et allure royale, Orochi avance avec l’arrogance d’un tyran persuadé d’être aimé. Chaque mouvement transpire la duplicité, comme un serpent qui se glisse parmi les rois. Son apparition glace autant qu’elle fascine. ? Robin Mystérieuse et élégante, Robin attire l’attention sans jamais chercher à la prendre. Son regard profond raconte mille histoires, et chaque geste révèle son intelligence et sa maîtrise. Elle incarne le mystère, la classe et la puissance tranquille. #onepiece #onepieceliveaction ","https://www.tiktok.com/@realify.ai8/video/7555216160984272130","28 septembre","377","9","13","21427"
"11 septembre","One Piece : découvre les Grands Corsaires en version réaliste 🌌🔥. De Mihawk à Crocodile, ces pirates redoutés choisis par le Gouvernement Mondial dévoilent toute leur puissance et leur aura dans une incarnation plus intimidante que jamais… #onepiece #onepieceliveaction #mihawk #boahankock #Anime ","https://www.tiktok.com/@realify.ai8/video/7547424244863585558","7 septembre","454","16","26","25370"
"11 septembre","💬 Elle balance enfin tout… Robin parle de ses crushs, ses red flags et même de son “ex boss” 🐊😏. Entre secrets de romance, piques bien placées et punchlines mythiques, cette interview va en surprendre plus d’un ! 👀🔥 👉 Et toi, lequel de l’équipage tu verrais avec elle ? 👇 #onepiece #grandlineconfessions #robin #animeinterview #tiktokanime ","https://www.tiktok.com/@realify.ai8/video/7555912966902811906","30 septembre","194","6","8","16032"
"11 septembre","Top des plus belles femmes de One Piece ✨👑 Dans One Piece, la beauté et la force vont souvent de pair. Qu’il s’agisse de Boa Hancock, de Nami, de Robin, de Vivi ou de Yamato, ces personnages féminins marquent autant par leur charisme que par leur histoire. Ce classement spécial met en avant les héroïnes et rivales les plus marquantes de l’univers d’Eiichiro Oda, sublimées en version live-action réaliste : regards intenses, tenues iconiques et une mise en scène cinématographique qui leur rend hommage. 👉 Et toi, qui placerais-tu en #1 ? Partage ton avis en commentaire 👇 ✨ Like & abonne-toi pour ne pas manquer les prochains tops et classements One Piece en version réaliste ! #onepiece #onepieceliveaction #waifu ","https://www.tiktok.com/@realify.ai8/video/7553040845184781590","23 septembre","302","4","13","14792"