"Date","Followers","Difference in followers from previous day"
"11 septembre","375","202"
"12 septembre","609","234"
"13 septembre","650","41"
"14 septembre","699","49"
"15 septembre","774","75"
"16 septembre","829","55"
"17 septembre","840","11"
"18 septembre","864","24"
"19 septembre","973","109"
"20 septembre","1155","182"
"21 septembre","1214","59"
"22 septembre","1255","41"
"23 septembre","1273","18"
"24 septembre","1276","3"
"25 septembre","1279","3"
"26 septembre","1286","7"
"27 septembre","1337","51"
"28 septembre","1400","63"
"29 septembre","1429","29"
"30 septembre","1459","30"
"1 octobre","1484","25"
"2 octobre","1907","423"
"3 octobre","3019","1112"
"4 octobre","3499","480"
"5 octobre","3912","413"
"6 octobre","4295","383"
"7 octobre","4672","377"
"8 octobre","4923","251"
"9 octobre","5089","166"
"10 octobre","5281","192"
"11 octobre","5472","191"
"12 octobre","5614","142"
"13 octobre","5785","171"
"14 octobre","5886","101"
"15 octobre","5949","63"
"16 octobre","6016","67"
"17 octobre","6058","42"
"18 octobre","6080","22"
"19 octobre","6111","31"
"20 octobre","6137","26"
"21 octobre","6144","7"
"22 octobre","6166","22"
"23 octobre","6196","30"
"24 octobre","6216","20"
"25 octobre","6240","24"
"26 octobre","6255","15"
"27 octobre","6289","34"
"28 octobre","6339","50"
"29 octobre","6395","56"
"30 octobre","6449","54"
"31 octobre","6506","57"
"1 novembre","6531","25"
"2 novembre","6556","25"
"3 novembre","6560","4"
"4 novembre","6568","8"
"5 novembre","6581","13"
"6 novembre","6592","11"
"7 novembre","6601","9"
"8 novembre","6615","14"
"9 novembre","6624","9"
"10 novembre","6647","23"
"11 novembre","6658","11"
"12 novembre","6679","21"
"13 novembre","6686","7"
"14 novembre","6716","30"
"15 novembre","6726","10"
"16 novembre","6736","10"
"17 novembre","6751","15"
"18 novembre","6763","12"
"19 novembre","6778","15"
"20 novembre","6791","13"
"21 novembre","6801","10"
"22 novembre","6812","11"
"23 novembre","6815","3"
"24 novembre","6825","10"
"25 novembre","6832","7"
"26 novembre","6833","1"
"27 novembre","6838","5"
"28 novembre","6841","3"
"29 novembre","6842","1"
"30 novembre","6842","0"
"1 décembre","6845","3"
"2 décembre","6847","2"
"3 décembre","6851","4"
"4 décembre","6858","7"
"5 décembre","6862","4"
"6 décembre","6868","6"
"7 décembre","6871","3"
"8 décembre","6877","6"
"9 décembre","6878","1"
"10 décembre","6878","0"
"11 décembre","6878","0"
"12 décembre","6873","-5"
"13 décembre","6873","0"
"14 décembre","6872","-1"
"15 décembre","6870","-2"
"16 décembre","6868","-2"
"17 décembre","6873","5"
"18 décembre","6877","4"
"19 décembre","6875","-2"
"20 décembre","6872","-3"
"21 décembre","6871","-1"
"22 décembre","6869","-2"
"23 décembre","6871","2"
"24 décembre","6872","1"
"25 décembre","6872","0"
"26 décembre","6869","-3"
"27 décembre","6867","-2"
"28 décembre","6867","0"
"29 décembre","6869","2"
"30 décembre","6868","-1"
"31 décembre","6867","-1"
"1 janvier","6864","-3"
"2 janvier","6864","0"
"3 janvier","6862","-2"
"4 janvier","6854","-8"
"5 janvier","6853","-1"
"6 janvier","6852","-1"
"7 janvier","6852","0"
"8 janvier","6848","-4"
"9 janvier","6851","3"
"10 janvier","6853","2"
"11 janvier","6853","0"
"12 janvier","6850","-3"
"13 janvier","6850","0"
"14 janvier","6852","2"
"15 janvier","6850","-2"
"16 janvier","6848","-2"
"17 janvier","6843","-5"
"18 janvier","6843","0"
"19 janvier","6842","-1"
"20 janvier","6840","-2"
"21 janvier","6835","-5"
"22 janvier","6835","0"
"23 janvier","6833","-2"
"24 janvier","6832","-1"
"25 janvier","6828","-4"
"26 janvier","6827","-1"
"27 janvier","6820","-7"
"28 janvier","6817","-3"
"29 janvier","6816","-1"
"30 janvier","6814","-2"
"31 janvier","6814","0"
"1 février","6814","0"
"2 février","6813","-1"
"3 février","6812","-1"
"4 février","6809","-3"
"5 février","6805","-4"
"6 février","6805","0"
"7 février","6803","-2"
"8 février","6802","-1"
"9 février","6801","-1"
"10 février","6799","-2"
"11 février","6798","-1"
"12 février","6797","-1"
"13 février","6796","-1"
"14 février","6795","-1"
"15 février","6792","-3"
"16 février","6791","-1"
"17 février","6790","-1"
"18 février","6788","-2"
"19 février","6785","-3"
"20 février","6784","-1"
"21 février","6783","-1"
"22 février","6780","-3"
"23 février","6777","-3"
"24 février","6775","-2"
"25 février","6775","0"
"26 février","6774","-1"
"27 février","6772","-2"
"28 février","6770","-2"
"1 mars","6767","-3"
"2 mars","6765","-2"
"3 mars","6765","0"
"4 mars","6761","-4"
"5 mars","6761","0"
"6 mars","6761","0"
"7 mars","6758","-3"
"8 mars","6758","0"
"9 mars","6757","-1"
"10 mars","6754","-3"
"11 mars","6751","-3"
"12 mars","6749","-2"
"13 mars","6747","-2"
"14 mars","6747","0"
"15 mars","6746","-1"
"16 mars","6745","-1"
"17 mars","6744","-1"
"18 mars","6741","-3"
"19 mars","6741","0"
"20 mars","6738","-3"
"21 mars","6737","-1"
"22 mars","6736","-1"
"23 mars","6733","-3"
"24 mars","6732","-1"
"25 mars","6727","-5"
"26 mars","6726","-1"
"27 mars","6725","-1"
"28 mars","6724","-1"
"29 mars","6723","-1"
"30 mars","6720","-3"
"31 mars","6718","-2"
"1 avril","6717","-1"
"2 avril","6714","-3"
"3 avril","6711","-3"
"4 avril","6708","-3"
"5 avril","6707","-1"
"6 avril","6706","-1"
"7 avril","6706","0"
"8 avril","6701","-5"
"9 avril","6701","0"
"10 avril","6698","-3"
"11 avril","6695","-3"
"12 avril","6691","-4"
"13 avril","6690","-1"
"14 avril","6687","-3"
"15 avril","6685","-2"
"16 avril","6683","-2"
"17 avril","6681","-2"
"18 avril","6681","0"
"19 avril","6681","0"
"20 avril","6678","-3"
"21 avril","6677","-1"
"22 avril","6673","-4"
"23 avril","6673","0"
"24 avril","6672","-1"
"25 avril","6670","-2"
"26 avril","6668","-2"
"27 avril","6666","-2"
"28 avril","6665","-1"
"29 avril","6664","-1"
"30 avril","6662","-2"
"1 mai","6662","0"
"2 mai","6662","0"
"3 mai","6660","-2"
"4 mai","6659","-1"
"5 mai","6657","-2"
"6 mai","6656","-1"
"7 mai","6655","-1"
"8 mai","6654","-1"
"9 mai","6653","-1"
"10 mai","6651","-2"
"11 mai","6650","-1"
"12 mai","6649","-1"
"13 mai","6649","0"
"14 mai","6649","0"
"15 mai","6649","0"
"16 mai","6649","0"
"17 mai","6648","-1"
"18 mai","6646","-2"
"19 mai","6643","-3"
"20 mai","6639","-4"
"21 mai","6637","-2"
"22 mai","6635","-2"
"23 mai","6634","-1"
"24 mai","6632","-2"
"25 mai","6630","-2"
"26 mai","6627","-3"
"27 mai","6626","-1"
"28 mai","6624","-2"
"29 mai","6622","-2"
"30 mai","6621","-1"
"31 mai","6618","-3"
"1 juin","6618","0"
"2 juin","6617","-1"
"3 juin","6617","0"
"4 juin","6617","0"
"5 juin","6617","0"
"6 juin","6617","0"
"7 juin","6614","-3"
"8 juin","6613","-1"
"9 juin","6612","-1"
"10 juin","6608","-4"
"11 juin","6608","0"
"12 juin","6607","-1"
"13 juin","6606","-1"
"14 juin","6606","0"
"15 juin","6606","0"
"16 juin","6606","0"
"17 juin","6603","-3"
"18 juin","6601","-2"
"19 juin","6600","-1"
"20 juin","6600","0"
"21 juin","6599","-1"
"22 juin","6597","-2"
"23 juin","6596","-1"
"24 juin","6596","0"
"25 juin","6595","-1"
"26 juin","6593","-2"
"27 juin","6593","0"
"28 juin","6592","-1"
"29 juin","6590","-2"
"30 juin","6589","-1"
"1 juillet","6586","-3"
"2 juillet","6584","-2"
"3 juillet","6584","0"
"4 juillet","6582","-2"
"5 juillet","6581","-1"
"6 juillet","6580","-1"
"7 juillet","6579","-1"
"8 juillet","6579","0"
"9 juillet","6578","-1"
"10 juillet","6578","0"
"11 juillet","6576","-2"
"12 juillet","6575","-1"
"13 juillet","6574","-1"
"14 juillet","6572","-2"
"15 juillet","6571","-1"
"16 juillet","6571","0"
"17 juillet","6572","1"
"18 juillet","6569","-3"
"19 juillet","6568","-1"
"20 juillet","6566","-2"
"21 juillet","6565","-1"
"22 juillet","6563","-2"
"23 juillet","6561","-2"
"24 juillet","6561","0"
"25 juillet","6561","0"
"26 juillet","6559","-2"
"27 juillet","6558","-1"
"28 juillet","6557","-1"
"29 juillet","6557","0"
"30 juillet","6556","-1"
"31 juillet","6553","-3"
"1 août","6553","0"
"2 août","6552","-1"
"3 août","6551","-1"
"4 août","6551","0"
"5 août","6550","-1"
"6 août","6549","-1"
"7 août","6547","-2"
"8 août","6546","-1"
"9 août","6545","-1"
"10 août","6545","0"
"11 août","6545","0"
"12 août","6543","-2"
"13 août","6541","-2"
"14 août","6540","-1"
"15 août","6539","-1"
"16 août","6538","-1"
"17 août","6537","-1"
"18 août","6537","0"
"19 août","6536","-1"
"20 août","6535","-1"
"21 août","6534","-1"
"22 août","6533","-1"
"23 août","6533","0"
"24 août","6533","0"
"25 août","6532","-1"
"26 août","6531","-1"
"27 août","6528","-3"
"28 août","6528","0"
"29 août","6527","-1"
"30 août","6526","-1"
"31 août","6525","-1"
"1 septembre","6523","-2"
"2 septembre","6523","0"
"3 septembre","6521","-2"
"4 septembre","6521","0"
"5 septembre","6520","-1"
"6 septembre","6520","0"
"7 septembre","6520","0"
"8 septembre","6520","0"
"9 septembre","6520","0"
"10 septembre","6520","0"