"Date","Video Views","Profile Views","Likes","Comments","Shares"
"11 septembre","86976","1834","1971","19","182"
"12 septembre","49503","1099","1612","27","151"
"13 septembre","10407","237","397","0","35"
"14 septembre","10076","235","337","9","26"
"15 septembre","25713","407","599","13","53"
"16 septembre","42297","543","1386","38","69"
"17 septembre","5099","100","213","9","26"
"18 septembre","18183","276","333","7","24"
"19 septembre","59505","936","1270","10","61"
"20 septembre","61151","1155","1979","18","199"
"21 septembre","19140","405","659","5","88"
"22 septembre","15922","340","633","10","61"
"23 septembre","5801","149","224","3","18"
"24 septembre","2568","61","85","1","6"
"25 septembre","1948","64","52","0","3"
"26 septembre","3163","74","117","0","6"
"27 septembre","18755","341","685","2","61"
"28 septembre","23559","418","815","6","66"
"29 septembre","11356","219","400","5","23"
"30 septembre","12080","193","436","4","37"
"1 octobre","11796","195","463","4","29"
"2 octobre","244496","2076","7838","49","408"
"3 octobre","544222","5459","18179","127","767"
"4 octobre","193174","2268","8012","57","528"
"5 octobre","219356","2457","8434","54","335"
"6 octobre","208194","2605","8668","49","322"
"7 octobre","183851","2048","7545","42","2545"
"8 octobre","146245","1614","4930","30","156"
"9 octobre","108993","1086","3535","19","125"
"10 octobre","117994","1302","3939","15","140"
"11 octobre","108774","1168","3405","36","133"
"12 octobre","93106","1064","3054","20","137"
"13 octobre","90549","1064","3117","15","138"
"14 octobre","65713","866","2064","14","71"
"15 octobre","51453","555","1570","15","51"
"16 octobre","50964","616","1692","8","60"
"17 octobre","20258","288","688","5","16"
"18 octobre","16879","179","621","7","29"
"19 octobre","15839","178","602","6","17"
"20 octobre","14945","188","571","4","19"
"21 octobre","10512","133","414","2","14"
"22 octobre","12689","150","495","4","17"
"23 octobre","16305","182","593","1","17"
"24 octobre","14671","168","554","1","16"
"25 octobre","12529","161","592","8","30"
"26 octobre","14702","179","712","14","20"
"27 octobre","25602","298","1103","9","68"
"28 octobre","24503","303","1032","9","51"
"29 octobre","23156","300","998","10","69"
"30 octobre","21212","297","1034","13","61"
"31 octobre","26568","301","1243","8","52"
"1 novembre","20326","246","1199","17","55"
"2 novembre","16865","200","949","9","45"
"3 novembre","9991","115","464","5","30"
"4 novembre","7654","91","417","8","17"
"5 novembre","6251","82","345","4","17"
"6 novembre","7500","98","423","3","20"
"7 novembre","7623","96","370","4","11"
"8 novembre","8597","100","447","2","22"
"9 novembre","9084","112","399","1","30"
"10 novembre","9114","118","350","3","12"
"11 novembre","6966","96","330","1","22"
"12 novembre","8415","102","395","1","39"
"13 novembre","6694","91","342","0","16"
"14 novembre","11337","150","486","1","25"
"15 novembre","6145","86","257","-1","11"
"16 novembre","7406","121","316","1","16"
"17 novembre","6157","88","231","1","15"
"18 novembre","5077","99","199","1","12"
"19 novembre","5262","64","241","2","16"
"20 novembre","5161","82","249","1","12"
"21 novembre","5909","87","252","0","13"
"22 novembre","6095","75","269","0","6"
"23 novembre","5250","64","259","2","7"
"24 novembre","5000","71","235","2","7"
"25 novembre","5300","90","252","3","14"
"26 novembre","3482","43","161","3","4"
"27 novembre","4420","63","218","0","8"
"28 novembre","4798","52","253","1","7"
"29 novembre","4103","38","211","2","8"
"30 novembre","4297","46","208","2","3"
"1 décembre","3507","41","142","2","10"
"2 décembre","2675","30","122","1","4"
"3 décembre","3125","33","152","0","8"
"4 décembre","3740","46","149","1","6"
"5 décembre","4584","36","177","0","4"
"6 décembre","3027","30","123","0","4"
"7 décembre","2081","21","103","0","5"
"8 décembre","2127","19","86","1","7"
"9 décembre","1547","10","83","1","2"
"10 décembre","1574","17","91","-1","25"
"11 décembre","1400","16","89","0","3"
"12 décembre","1657","20","101","2","8"
"13 décembre","1209","14","74","0","3"
"14 décembre","1363","16","65","-1","2"
"15 décembre","1039","22","45","0","0"
"16 décembre","1080","8","50","0","2"
"17 décembre","1286","24","65","0","4"
"18 décembre","1297","17","69","0","1"
"19 décembre","1205","13","50","0","3"
"20 décembre","1274","12","56","0","0"
"21 décembre","915","14","38","1","1"
"22 décembre","822","10","30","0","0"
"23 décembre","1118","13","45","-1","4"
"24 décembre","997","8","52","0","0"
"25 décembre","683","3","35","0","0"
"26 décembre","951","13","49","2","0"
"27 décembre","943","4","44","0","3"
"28 décembre","1011","14","70","0","6"
"29 décembre","1283","12","79","1","6"
"30 décembre","1340","9","77","-1","2"
"31 décembre","1388","19","89","0","0"
"1 janvier","905","4","67","3","0"
"2 janvier","929","13","50","0","2"
"3 janvier","1110","14","62","0","2"
"4 janvier","1281","13","96","0","0"
"5 janvier","1315","12","97","0","3"
"6 janvier","995","15","72","0","5"
"7 janvier","1035","10","67","1","6"
"8 janvier","1251","15","82","0","4"
"9 janvier","996","10","76","1","1"
"10 janvier","842","6","76","1","0"
"11 janvier","775","9","64","1","1"
"12 janvier","340","3","11","0","1"
"13 janvier","237","2","5","0","0"
"14 janvier","224","4","7","0","0"
"15 janvier","229","2","6","0","0"
"16 janvier","165","5","6","-1","0"
"17 janvier","205","5","5","0","0"
"18 janvier","172","3","3","2","0"
"19 janvier","217","3","6","0","0"
"20 janvier","163","3","4","0","0"
"21 janvier","200","4","2","0","1"
"22 janvier","184","3","7","0","0"
"23 janvier","181","1","5","0","0"
"24 janvier","183","3","13","0","0"
"25 janvier","66","2","0","0","0"
"26 janvier","89","1","0","0","0"
"27 janvier","107","1","1","0","0"
"28 janvier","79","1","0","0","0"
"29 janvier","177","0","2","0","0"
"30 janvier","163","2","3","0","0"
"31 janvier","48","0","0","0","0"
"1 février","75","4","0","0","0"
"2 février","68","2","1","0","0"
"3 février","64","2","2","0","0"
"4 février","45","2","1","0","0"
"5 février","61","1","1","0","0"
"6 février","55","1","0","0","0"
"7 février","64","2","0","0","0"
"8 février","68","0","2","-3","0"
"9 février","62","2","0","0","0"
"10 février","46","0","1","0","0"
"11 février","54","0","1","0","0"
"12 février","113","2","3","0","0"
"13 février","61","4","0","0","0"
"14 février","59","3","1","0","0"
"15 février","40","1","0","0","0"
"16 février","52","3","3","0","0"
"17 février","95","0","1","0","0"
"18 février","67","3","0","0","0"
"19 février","26","0","0","0","0"
"20 février","43","2","0","0","0"
"21 février","31","0","0","0","0"
"22 février","54","1","1","0","0"
"23 février","51","3","0","0","0"
"24 février","37","0","0","-1","0"
"25 février","48","0","2","0","0"
"26 février","53","1","0","0","0"
"27 février","48","1","0","0","0"
"28 février","44","1","1","0","0"
"1 mars","43","1","0","0","0"
"2 mars","47","2","0","0","0"
"3 mars","35","1","1","0","0"
"4 mars","37","4","0","0","0"
"5 mars","31","1","0","0","0"
"6 mars","47","1","1","0","0"
"7 mars","46","2","2","0","0"
"8 mars","25","1","0","0","0"
"9 mars","42","0","2","0","0"
"10 mars","43","0","1","0","0"
"11 mars","100","2","2","0","0"
"12 mars","94","5","0","0","1"
"13 mars","65","2","2","0","0"
"14 mars","64","1","1","0","0"
"15 mars","90","2","0","0","0"
"16 mars","91","0","3","0","0"
"17 mars","74","2","0","0","0"
"18 mars","65","2","1","0","0"
"19 mars","76","0","1","0","0"
"20 mars","78","1","0","0","0"
"21 mars","54","1","1","0","0"
"22 mars","77","2","0","0","0"
"23 mars","55","2","0","0","0"
"24 mars","41","0","1","0","0"
"25 mars","42","1","0","0","0"
"26 mars","33","2","0","-1","0"
"27 mars","51","0","0","0","0"
"28 mars","42","1","0","0","0"
"29 mars","31","1","0","0","0"
"30 mars","38","2","1","0","0"
"31 mars","28","0","0","0","0"
"1 avril","38","1","1","0","0"
"2 avril","52","1","0","0","0"
"3 avril","34","0","2","0","0"
"4 avril","33","0","0","0","0"
"5 avril","26","0","1","0","0"
"6 avril","32","0","0","-1","0"
"7 avril","30","0","1","0","0"
"8 avril","31","2","0","0","0"
"9 avril","23","1","0","0","0"
"10 avril","19","3","0","0","0"
"11 avril","29","2","1","0","0"
"12 avril","25","0","0","0","0"
"13 avril","29","2","1","0","0"
"14 avril","28","4","2","-2","0"
"15 avril","33","1","0","0","0"
"16 avril","25","0","0","0","0"
"17 avril","19","1","0","0","0"
"18 avril","22","2","0","0","0"
"19 avril","23","0","0","0","0"
"20 avril","18","1","0","0","0"
"21 avril","17","0","0","0","0"
"22 avril","21","0","0","0","0"
"23 avril","25","1","0","0","0"
"24 avril","22","1","0","0","0"
"25 avril","34","1","1","0","0"
"26 avril","30","0","0","0","0"
"27 avril","39","3","0","0","0"
"28 avril","37","0","0","0","0"
"29 avril","27","0","0","0","0"
"30 avril","28","0","0","-1","0"
"1 mai","21","0","0","0","0"
"2 mai","26","1","0","-4","0"
"3 mai","38","1","3","0","0"
"4 mai","26","1","0","0","0"
"5 mai","21","1","1","0","0"
"6 mai","18","1","1","0","0"
"7 mai","28","1","0","0","0"
"8 mai","32","0","0","-1","0"
"9 mai","26","1","1","-1","0"
"10 mai","35","2","0","0","0"
"11 mai","21","2","0","0","0"
"12 mai","14","0","1","0","0"
"13 mai","25","0","1","0","0"
"14 mai","24","0","0","0","0"
"15 mai","25","0","0","0","0"
"16 mai","21","0","0","0","0"
"17 mai","17","1","1","0","0"
"18 mai","35","1","0","0","0"
"19 mai","31","1","0","0","0"
"20 mai","10","1","1","0","0"
"21 mai","22","1","0","0","0"
"22 mai","14","0","0","-1","0"
"23 mai","27","2","1","0","0"
"24 mai","20","0","0","0","0"
"25 mai","27","0","0","0","0"
"26 mai","30","1","0","0","0"
"27 mai","30","1","2","0","0"
"28 mai","30","2","0","0","0"
"29 mai","35","0","0","0","0"
"30 mai","21","0","1","0","1"
"31 mai","24","0","0","-1","0"
"1 juin","22","2","0","-1","0"
"2 juin","31","2","0","0","0"
"3 juin","16","1","0","0","0"
"4 juin","18","2","0","-1","0"
"5 juin","28","1","0","0","0"
"6 juin","14","1","0","0","0"
"7 juin","23","2","0","0","0"
"8 juin","20","0","0","0","0"
"9 juin","11","0","0","0","0"
"10 juin","20","2","1","0","1"
"11 juin","28","0","0","0","0"
"12 juin","21","0","0","0","0"
"13 juin","20","2","0","-1","0"
"14 juin","26","0","0","0","0"
"15 juin","40","1","1","0","0"
"16 juin","27","1","0","0","0"
"17 juin","26","1","1","0","0"
"18 juin","19","2","0","0","0"
"19 juin","25","0","0","0","0"
"20 juin","12","0","0","-1","0"
"21 juin","26","0","0","0","0"
"22 juin","30","0","0","0","0"
"23 juin","24","0","0","0","0"
"24 juin","22","0","0","0","0"
"25 juin","17","0","0","0","0"
"26 juin","19","1","0","-1","0"
"27 juin","16","1","1","0","0"
"28 juin","13","1","0","0","0"
"29 juin","32","0","0","0","0"
"30 juin","20","0","0","0","0"
"1 juillet","21","0","0","-1","0"
"2 juillet","22","0","0","0","0"
"3 juillet","26","0","0","0","0"
"4 juillet","20","1","0","0","0"
"5 juillet","43","0","0","0","0"
"6 juillet","22","0","1","0","0"
"7 juillet","15","0","1","0","0"
"8 juillet","22","0","0","0","0"
"9 juillet","22","1","0","0","0"
"10 juillet","22","1","1","0","0"
"11 juillet","19","0","0","0","0"
"12 juillet","16","1","0","0","0"
"13 juillet","14","0","0","0","0"
"14 juillet","32","0","0","0","0"
"15 juillet","30","0","1","0","0"
"16 juillet","9","0","0","0","0"
"17 juillet","26","0","0","0","0"
"18 juillet","18","0","0","0","0"
"19 juillet","19","1","0","0","0"
"20 juillet","25","1","0","0","0"
"21 juillet","18","1","0","0","0"
"22 juillet","23","1","1","0","0"
"23 juillet","20","1","0","0","0"
"24 juillet","44","2","0","0","0"
"25 juillet","17","0","0","0","0"
"26 juillet","46","1","0","0","0"
"27 juillet","32","1","0","0","0"
"28 juillet","21","0","1","1","0"
"29 juillet","23","0","0","-1","0"
"30 juillet","36","1","0","0","0"
"31 juillet","25","1","0","0","0"
"1 août","30","1","0","0","0"
"2 août","11","1","0","0","0"
"3 août","23","0","1","0","0"
"4 août","14","0","0","0","0"
"5 août","40","1","1","0","0"
"6 août","28","1","1","0","0"
"7 août","21","0","0","0","0"
"8 août","14","0","0","0","0"
"9 août","16","0","0","0","0"
"10 août","24","0","0","0","0"
"11 août","19","0","0","0","0"
"12 août","29","1","0","0","0"
"13 août","22","0","0","0","0"
"14 août","29","1","1","0","0"
"15 août","30","1","0","0","0"
"16 août","31","0","0","0","1"
"17 août","15","1","0","0","0"
"18 août","20","1","0","0","0"
"19 août","17","0","0","0","0"
"20 août","20","0","0","0","0"
"21 août","11","0","0","0","0"
"22 août","47","0","2","0","0"
"23 août","66","2","0","0","0"
"24 août","46","0","0","0","0"
"25 août","48","2","2","0","0"
"26 août","42","0","0","0","0"
"27 août","39","0","3","0","0"
"28 août","43","0","0","0","0"
"29 août","29","0","0","0","0"
"30 août","17","0","0","0","0"
"31 août","36","0","0","0","0"
"1 septembre","29","2","1","0","0"
"2 septembre","31","1","0","0","0"
"3 septembre","31","2","1","0","0"
"4 septembre","33","0","1","0","0"
"5 septembre","36","1","5","0","0"
"6 septembre","27","1","0","0","0"
"7 septembre","29","1","0","0","0"
"8 septembre","23","0","0","0","0"
"9 septembre","17","0","1","0","0"
"10 septembre","15","0","0","0","0"