"Date","Total Viewers","New Viewers","Returning Viewers"
"11 septembre","2191","1317","874"
"12 septembre","63554","52806","10748"
"13 septembre","35484","31304","4180"
"14 septembre","7327","6211","1116"
"15 septembre","7298","6043","1255"
"16 septembre","19340","12672","6668"
"17 septembre","32951","20045","12906"
"18 septembre","3613","2090","1523"
"19 septembre","13545","5130","8415"
"20 septembre","42913","22784","20129"
"21 septembre","43420","32599","10821"
"22 septembre","13093","8992","4101"
"23 septembre","10941","8331","2610"
"24 septembre","3963","2807","1156"
"25 septembre","1691","926","765"
"26 septembre","1283","817","466"
"27 septembre","2220","1783","437"
"28 septembre","13985","12749","1236"
"29 septembre","16738","15154","1584"
"30 septembre","8454","7098","1356"
"1 octobre","9298","8056","1242"
"2 octobre","8678","7084","1594"
"3 octobre","189079","164221","24858"
"4 octobre","422894","400565","22329"
"5 octobre","152700","135904","16796"
"6 octobre","170767","152933","17834"
"7 octobre","161804","143810","17994"
"8 octobre","143253","125633","17620"
"9 octobre","116491","104091","12400"
"10 octobre","86858","76729","10129"
"11 octobre","95462","86504","8958"
"12 octobre","85546","67502","18044"
"13 octobre","73435","63179","10256"
"14 octobre","72676","63247","9429"
"15 octobre","51028","41396","9632"
"16 octobre","40807","33212","7595"
"17 octobre","39487","30273","9214"
"18 octobre","15368","11978","3390"
"19 octobre","12982","8825","4157"
"20 octobre","11758","7938","3820"
"21 octobre","11221","8069","3152"
"22 octobre","7739","5418","2321"
"23 octobre","9710","7236","2474"
"24 octobre","12635","9408","3227"
"25 octobre","11391","8572","2819"
"26 octobre","9381","6195","3186"
"27 octobre","10867","6988","3879"
"28 octobre","18438","9584","8854"
"29 octobre","18219","10408","7811"
"30 octobre","17199","10259","6940"
"31 octobre","15280","9359","5921"
"1 novembre","19788","10223","9565"
"2 novembre","14987","8079","6908"
"3 novembre","12485","6007","6478"
"4 novembre","7546","3866","3680"
"5 novembre","5719","3462","2257"
"6 novembre","4690","2792","1898"
"7 novembre","5553","3216","2337"
"8 novembre","5771","3311","2460"
"9 novembre","6582","4096","2486"
"10 novembre","6959","4172","2787"
"11 novembre","6821","4032","2789"
"12 novembre","5397","3166","2231"
"13 novembre","6593","3945","2648"
"14 novembre","5182","3079","2103"
"15 novembre","8398","5048","3350"
"16 novembre","4752","2908","1844"
"17 novembre","5348","3223","2125"
"18 novembre","4720","2896","1824"
"19 novembre","3728","2390","1338"
"20 novembre","3994","2754","1240"
"21 novembre","3957","2704","1253"
"22 novembre","4447","3037","1410"
"23 novembre","4638","3175","1463"
"24 novembre","3959","2763","1196"
"25 novembre","3920","2644","1276"
"26 novembre","4037","2781","1256"
"27 novembre","2805","2063","742"
"28 novembre","3430","2372","1058"
"29 novembre","3806","2659","1147"
"30 novembre","3407","2356","1051"
"1 décembre","3522","2477","1045"
"2 décembre","2894","1914","980"
"3 décembre","2048","1399","649"
"4 décembre","2556","1755","801"
"5 décembre","2947","1886","1061"
"6 décembre","3889","2449","1440"
"7 décembre","2442","1550","892"
"8 décembre","1785","1244","541"
"9 décembre","1777","1238","539"
"10 décembre","1260","910","350"
"11 décembre","1315","977","338"
"12 décembre","1121","838","283"
"13 décembre","1322","1073","249"
"14 décembre","1005","742","263"
"15 décembre","1078","792","286"
"16 décembre","876","628","248"
"17 décembre","921","672","249"
"18 décembre","958","727","231"
"19 décembre","964","714","250"
"20 décembre","1067","826","241"
"21 décembre","1042","826","216"
"22 décembre","766","578","188"
"23 décembre","694","524","170"
"24 décembre","869","673","196"
"25 décembre","852","633","219"
"26 décembre","623","472","151"
"27 décembre","772","579","193"
"28 décembre","785","587","198"
"29 décembre","895","707","188"
"30 décembre","1117","907","210"
"31 décembre","1114","886","228"
"1 janvier","1080","872","208"
"2 janvier","823","665","158"
"3 janvier","714","532","182"
"4 janvier","899","705","194"
"5 janvier","1067","903","164"
"6 janvier","1080","900","180"
"7 janvier","821","694","127"
"8 janvier","891","728","163"
"9 janvier","890","754","136"
"10 janvier","833","729","104"
"11 janvier","770","674","96"
"12 janvier","721","624","97"
"13 janvier","347","256","91"
"14 janvier","234","169","65"
"15 janvier","223","161","62"
"16 janvier","211","148","63"
"17 janvier","165","111","54"
"18 janvier","190","131","59"
"19 janvier","159","108","51"
"20 janvier","208","150","58"
"21 janvier","174","122","52"
"22 janvier","192","137","55"
"23 janvier","162","117","45"
"24 janvier","152","98","54"
"25 janvier","141","92","49"
"26 janvier","60","26","34"
"27 janvier","77","41","36"
"28 janvier","97","72","25"
"29 janvier","61","38","23"
"30 janvier","163","138","25"
"31 janvier","133","15","118"
"1 février","49","27","22"
"2 février","54","33","21"
"3 février","60","33","27"
"4 février","54","28","26"
"5 février","44","21","23"
"6 février","47","35","12"
"7 février","47","20","27"
"8 février","43","19","24"
"9 février","51","25","26"
"10 février","51","30","21"
"11 février","42","23","19"
"12 février","52","34","18"
"13 février","73","43","30"
"14 février","47","26","21"
"15 février","52","30","22"
"16 février","35","24","11"
"17 février","47","33","14"
"18 février","83","48","35"
"19 février","57","32","25"
"20 février","19","13","6"
"21 février","30","14","16"
"22 février","26","10","16"
"23 février","50","20","30"
"24 février","41","20","21"
"25 février","34","15","19"
"26 février","37","13","24"
"27 février","37","19","18"
"28 février","46","28","18"
"1 mars","37","16","21"
"2 mars","36","21","15"
"3 mars","37","19","18"
"4 mars","27","14","13"
"5 mars","32","19","13"
"6 mars","26","16","10"
"7 mars","45","22","23"
"8 mars","37","23","14"
"9 mars","23","10","13"
"10 mars","36","24","12"
"11 mars","31","18","13"
"12 mars","70","52","18"
"13 mars","80","60","20"
"14 mars","43","27","16"
"15 mars","59","40","19"
"16 mars","86","59","27"
"17 mars","76","51","25"
"18 mars","64","46","18"
"19 mars","57","43","14"
"20 mars","72","47","25"
"21 mars","69","52","17"
"22 mars","48","36","12"
"23 mars","60","43","17"
"24 mars","40","19","21"
"25 mars","33","20","13"
"26 mars","36","23","13"
"27 mars","29","18","11"
"28 mars","44","24","20"
"29 mars","38","21","17"
"30 mars","27","13","14"
"31 mars","32","16","16"
"1 avril","23","14","9"
"2 avril","33","16","17"
"3 avril","43","29","14"
"4 avril","27","13","14"
"5 avril","26","14","12"
"6 avril","23","15","8"
"7 avril","28","11","17"
"8 avril","22","10","12"
"9 avril","28","13","15"
"10 avril","21","9","12"
"11 avril","17","11","6"
"12 avril","27","12","15"
"13 avril","23","16","7"
"14 avril","22","13","9"
"15 avril","25","12","13"
"16 avril","23","11","12"
"17 avril","22","7","15"
"18 avril","16","7","9"
"19 avril","19","7","12"
"20 avril","23","11","12"
"21 avril","16","11","5"
"22 avril","14","7","7"
"23 avril","21","8","13"
"24 avril","19","6","13"
"25 avril","20","11","9"
"26 avril","28","8","20"
"27 avril","18","9","9"
"28 avril","28","12","16"
"29 avril","16","6","10"
"30 avril","24","15","9"
"1 mai","23","7","16"
"2 mai","19","6","13"
"3 mai","12","5","7"
"4 mai","19","5","14"
"5 mai","23","13","10"
"6 mai","19","5","14"
"7 mai","18","11","7"
"8 mai","20","11","9"
"9 mai","18","9","9"
"10 mai","20","12","8"
"11 mai","27","11","16"
"12 mai","15","7","8"
"13 mai","13","4","9"
"14 mai","18","9","9"
"15 mai","21","8","13"
"16 mai","22","10","12"
"17 mai","15","8","7"
"18 mai","16","8","8"
"19 mai","26","14","12"
"20 mai","23","12","11"
"21 mai","9","3","6"
"22 mai","17","8","9"
"23 mai","13","5","8"
"24 mai","17","7","10"
"25 mai","12","5","7"
"26 mai","20","9","11"
"27 mai","20","8","12"
"28 mai","20","7","13"
"29 mai","25","16","9"
"30 mai","21","11","10"
"31 mai","21","13","8"
"1 juin","23","12","11"
"2 juin","18","11","7"
"3 juin","27","16","11"
"4 juin","13","9","4"
"5 juin","16","6","10"
"6 juin","17","10","7"
"7 juin","13","7","6"
"8 juin","22","12","10"
"9 juin","15","5","10"
"10 juin","11","5","6"
"11 juin","12","6","6"
"12 juin","20","9","11"
"13 juin","18","10","8"
"14 juin","16","9","7"
"15 juin","20","13","7"
"16 juin","27","17","10"
"17 juin","22","9","13"
"18 juin","22","6","16"
"19 juin","16","6","10"
"20 juin","26","17","9"
"21 juin","12","6","6"
"22 juin","21","12","9"
"23 juin","26","15","11"
"24 juin","22","16","6"
"25 juin","21","15","6"
"26 juin","16","9","7"
"27 juin","17","9","8"
"28 juin","14","7","7"
"29 juin","10","6","4"
"30 juin","24","8","16"
"1 juillet","15","7","8"
"2 juillet","19","13","6"
"3 juillet","18","11","7"
"4 juillet","21","13","8"
"5 juillet","19","7","12"
"6 juillet","22","13","9"
"7 juillet","18","8","10"
"8 juillet","14","10","4"
"9 juillet","22","14","8"
"10 juillet","16","8","8"
"11 juillet","17","11","6"
"12 juillet","14","11","3"
"13 juillet","14","6","8"
"14 juillet","12","5","7"
"15 juillet","22","12","10"
"16 juillet","27","14","13"
"17 juillet","8","5","3"
"18 juillet","17","8","9"
"19 juillet","17","10","7"
"20 juillet","15","8","7"
"21 juillet","18","11","7"
"22 juillet","17","12","5"
"23 juillet","20","8","12"
"24 juillet","16","10","6"
"25 juillet","18","8","10"
"26 juillet","14","8","6"
"27 juillet","27","14","13"
"28 juillet","20","10","10"
"29 juillet","16","12","4"
"30 juillet","17","13","4"
"31 juillet","21","12","9"
"1 août","15","6","9"
"2 août","22","10","12"
"3 août","10","4","6"
"4 août","19","10","9"
"5 août","13","7","6"
"6 août","34","23","11"
"7 août","26","19","7"
"8 août","16","7","9"
"9 août","13","8","5"
"10 août","15","7","8"
"11 août","16","7","9"
"12 août","18","10","8"
"13 août","23","17","6"
"14 août","19","8","11"
"15 août","21","10","11"
"16 août","18","14","4"
"17 août","24","16","8"
"18 août","14","7","7"
"19 août","18","14","4"
"20 août","14","6","8"
"21 août","15","13","2"
"22 août","10","10","0"
"23 août","44","36","8"
"24 août","54","50","4"
"25 août","40","34","6"
"26 août","42","31","11"
"27 août","33","23","10"
"28 août","37","27","10"
"29 août","34","22","12"
"30 août","25","17","8"
"31 août","15","12","3"
"1 septembre","29","24","5"
"2 septembre","24","18","6"
"3 septembre","21","16","5"
"4 septembre","18","13","5"
"5 septembre","31","23","8"
"6 septembre","18","12","6"
"7 septembre","21","16","5"
"8 septembre","22","16","6"
"9 septembre","19","18","1"
"10 septembre","16","9","7"